timeStamp,elapsed,label,responseCode,responseMessage,threadName,dataType,success,failureMessage,bytes,sentBytes,grpThreads,allThreads,URL,Latency,IdleTime,Connect
1672248208873,532,Requisição HTTP,200,OK,Grupo de Usuários 1-1,text,true,,688,254,77,77,https://api.instantwebtools.net/v1/passenger,532,0,271
1672248208880,526,Requisição HTTP,200,OK,Grupo de Usuários 1-2,text,true,,657,255,76,76,https://api.instantwebtools.net/v1/passenger,526,0,280
1672248208886,542,Requisição HTTP,200,OK,Grupo de Usuários 1-3,text,true,,659,257,78,78,https://api.instantwebtools.net/v1/passenger,542,0,289
1672248208893,556,Requisição HTTP,200,OK,Grupo de Usuários 1-4,text,true,,657,255,80,80,https://api.instantwebtools.net/v1/passenger,556,0,298
1672248208901,566,Requisição HTTP,200,OK,Grupo de Usuários 1-5,text,true,,691,257,82,82,https://api.instantwebtools.net/v1/passenger,566,0,307
1672248208916,575,Requisição HTTP,200,OK,Grupo de Usuários 1-7,text,true,,657,255,84,84,https://api.instantwebtools.net/v1/passenger,575,0,320
1672248208922,571,Requisição HTTP,200,OK,Grupo de Usuários 1-8,text,true,,669,256,83,83,https://api.instantwebtools.net/v1/passenger,571,0,328
1672248208928,586,Requisição HTTP,200,OK,Grupo de Usuários 1-9,text,true,,703,256,85,85,https://api.instantwebtools.net/v1/passenger,586,0,346
1672248208935,599,Requisição HTTP,200,OK,Grupo de Usuários 1-10,text,true,,671,256,87,87,https://api.instantwebtools.net/v1/passenger,599,0,357
1672248208942,617,Requisição HTTP,200,OK,Grupo de Usuários 1-11,text,true,,660,258,90,90,https://api.instantwebtools.net/v1/passenger,617,0,371
1672248208949,615,Requisição HTTP,200,OK,Grupo de Usuários 1-12,text,true,,649,256,89,89,https://api.instantwebtools.net/v1/passenger,615,0,382
1672248208956,627,Requisição HTTP,200,OK,Grupo de Usuários 1-13,text,true,,659,257,91,91,https://api.instantwebtools.net/v1/passenger,627,0,400
1672248208964,663,Requisição HTTP,200,OK,Grupo de Usuários 1-14,text,true,,691,257,96,96,https://api.instantwebtools.net/v1/passenger,663,0,418
1672248208970,659,Requisição HTTP,200,OK,Grupo de Usuários 1-15,text,true,,660,258,96,96,https://api.instantwebtools.net/v1/passenger,659,0,429
1672248208978,674,Requisição HTTP,200,OK,Grupo de Usuários 1-16,text,true,,696,261,98,98,https://api.instantwebtools.net/v1/passenger,674,0,450
1672248208983,714,Requisição HTTP,200,OK,Grupo de Usuários 1-17,text,true,,661,259,103,103,https://api.instantwebtools.net/v1/passenger,714,0,465
1672248208991,789,Requisição HTTP,200,OK,Grupo de Usuários 1-18,text,true,,690,256,114,114,https://api.instantwebtools.net/v1/passenger,789,0,476
1672248209014,791,Requisição HTTP,200,OK,Grupo de Usuários 1-21,text,true,,657,255,117,117,https://api.instantwebtools.net/v1/passenger,791,0,501
1672248208998,809,Requisição HTTP,200,OK,Grupo de Usuários 1-19,text,true,,691,256,116,116,https://api.instantwebtools.net/v1/passenger,809,0,494
1672248209007,853,Requisição HTTP,200,OK,Grupo de Usuários 1-20,text,true,,688,254,123,123,https://api.instantwebtools.net/v1/passenger,853,0,531
1672248209019,860,Requisição HTTP,200,OK,Grupo de Usuários 1-22,text,true,,659,257,124,124,https://api.instantwebtools.net/v1/passenger,860,0,541
1672248209026,866,Requisição HTTP,200,OK,Grupo de Usuários 1-23,text,true,,657,255,125,125,https://api.instantwebtools.net/v1/passenger,866,0,552
1672248209033,894,Requisição HTTP,200,OK,Grupo de Usuários 1-24,text,true,,691,257,128,128,https://api.instantwebtools.net/v1/passenger,894,0,575
1672248209040,923,Requisição HTTP,200,OK,Grupo de Usuários 1-25,text,true,,687,253,127,127,https://api.instantwebtools.net/v1/passenger,923,0,582
1672248209048,915,Requisição HTTP,200,OK,Grupo de Usuários 1-26,text,true,,657,255,126,126,https://api.instantwebtools.net/v1/passenger,915,0,602
1672248209054,956,Requisição HTTP,200,OK,Grupo de Usuários 1-27,text,true,,669,256,125,125,https://api.instantwebtools.net/v1/passenger,956,0,618
1672248209068,971,Requisição HTTP,200,OK,Grupo de Usuários 1-29,text,true,,671,256,124,124,https://api.instantwebtools.net/v1/passenger,971,0,653
1672248209076,981,Requisição HTTP,200,OK,Grupo de Usuários 1-30,text,true,,660,258,123,123,https://api.instantwebtools.net/v1/passenger,981,0,676
1672248208907,1150,Requisição HTTP,200,OK,Grupo de Usuários 1-6,text,true,,687,253,122,122,https://api.instantwebtools.net/v1/passenger,1150,0,843
1672248209082,976,Requisição HTTP,200,OK,Grupo de Usuários 1-31,text,true,,649,256,121,121,https://api.instantwebtools.net/v1/passenger,976,0,700
1672248209089,969,Requisição HTTP,200,OK,Grupo de Usuários 1-32,text,true,,659,257,120,120,https://api.instantwebtools.net/v1/passenger,969,0,716
1672248209096,964,Requisição HTTP,200,OK,Grupo de Usuários 1-33,text,true,,691,257,119,119,https://api.instantwebtools.net/v1/passenger,964,0,740
1672248209103,1051,Requisição HTTP,200,OK,Grupo de Usuários 1-34,text,true,,660,258,118,118,https://api.instantwebtools.net/v1/passenger,1051,0,757
1672248209061,1094,Requisição HTTP,200,OK,Grupo de Usuários 1-28,text,true,,703,256,117,117,https://api.instantwebtools.net/v1/passenger,1094,0,787
1672248209110,1048,Requisição HTTP,200,OK,Grupo de Usuários 1-35,text,true,,696,261,116,116,https://api.instantwebtools.net/v1/passenger,1048,0,771
1672248209117,1060,Requisição HTTP,200,OK,Grupo de Usuários 1-36,text,true,,661,259,115,115,https://api.instantwebtools.net/v1/passenger,1060,0,786
1672248209124,1071,Requisição HTTP,200,OK,Grupo de Usuários 1-37,text,true,,690,256,114,114,https://api.instantwebtools.net/v1/passenger,1071,0,804
1672248209130,1084,Requisição HTTP,200,OK,Grupo de Usuários 1-38,text,true,,691,256,113,113,https://api.instantwebtools.net/v1/passenger,1084,0,833
1672248209140,1101,Requisição HTTP,200,OK,Grupo de Usuários 1-39,text,true,,688,254,112,112,https://api.instantwebtools.net/v1/passenger,1101,0,843
1672248209146,1119,Requisição HTTP,200,OK,Grupo de Usuários 1-40,text,true,,657,255,111,111,https://api.instantwebtools.net/v1/passenger,1119,0,862
1672248209153,1132,Requisição HTTP,200,OK,Grupo de Usuários 1-41,text,true,,659,257,110,110,https://api.instantwebtools.net/v1/passenger,1132,0,881
1672248209160,1130,Requisição HTTP,200,OK,Grupo de Usuários 1-42,text,true,,657,255,109,109,https://api.instantwebtools.net/v1/passenger,1130,0,895
1672248209166,1161,Requisição HTTP,200,OK,Grupo de Usuários 1-43,text,true,,691,257,108,108,https://api.instantwebtools.net/v1/passenger,1161,0,917
1672248209173,1179,Requisição HTTP,200,OK,Grupo de Usuários 1-44,text,true,,687,253,107,107,https://api.instantwebtools.net/v1/passenger,1179,0,935
1672248209180,1199,Requisição HTTP,200,OK,Grupo de Usuários 1-45,text,true,,657,255,106,106,https://api.instantwebtools.net/v1/passenger,1199,0,949
1672248209187,1209,Requisição HTTP,200,OK,Grupo de Usuários 1-46,text,true,,669,256,105,105,https://api.instantwebtools.net/v1/passenger,1209,0,965
1672248209194,1204,Requisição HTTP,200,OK,Grupo de Usuários 1-47,text,true,,703,256,104,104,https://api.instantwebtools.net/v1/passenger,1204,0,981
1672248209201,1217,Requisição HTTP,200,OK,Grupo de Usuários 1-48,text,true,,671,256,103,103,https://api.instantwebtools.net/v1/passenger,1217,0,995
1672248209208,1274,Requisição HTTP,200,OK,Grupo de Usuários 1-49,text,true,,660,258,102,102,https://api.instantwebtools.net/v1/passenger,1274,0,1008
1672248209215,1271,Requisição HTTP,200,OK,Grupo de Usuários 1-50,text,true,,649,256,101,101,https://api.instantwebtools.net/v1/passenger,1271,0,1028
1672248209222,1282,Requisição HTTP,200,OK,Grupo de Usuários 1-51,text,true,,659,257,100,100,https://api.instantwebtools.net/v1/passenger,1282,0,1043
1672248209230,1296,Requisição HTTP,200,OK,Grupo de Usuários 1-52,text,true,,691,257,99,99,https://api.instantwebtools.net/v1/passenger,1296,0,1055
1672248209237,1318,Requisição HTTP,200,OK,Grupo de Usuários 1-53,text,true,,660,258,98,98,https://api.instantwebtools.net/v1/passenger,1318,0,1071
1672248209243,1369,Requisição HTTP,200,OK,Grupo de Usuários 1-54,text,true,,696,261,97,97,https://api.instantwebtools.net/v1/passenger,1369,0,1085
1672248209250,1387,Requisição HTTP,200,OK,Grupo de Usuários 1-55,text,true,,661,259,96,96,https://api.instantwebtools.net/v1/passenger,1387,0,1101
1672248209257,1404,Requisição HTTP,200,OK,Grupo de Usuários 1-56,text,true,,690,256,95,95,https://api.instantwebtools.net/v1/passenger,1404,0,1120
1672248209278,1432,Requisição HTTP,200,OK,Grupo de Usuários 1-59,text,true,,657,255,94,94,https://api.instantwebtools.net/v1/passenger,1432,0,1139
1672248209264,1446,Requisição HTTP,200,OK,Grupo de Usuários 1-57,text,true,,691,256,93,93,https://api.instantwebtools.net/v1/passenger,1446,0,1133
1672248209285,1447,Requisição HTTP,200,OK,Grupo de Usuários 1-60,text,true,,659,257,92,92,https://api.instantwebtools.net/v1/passenger,1447,0,1156
1672248209292,1454,Requisição HTTP,200,OK,Grupo de Usuários 1-61,text,true,,657,255,91,91,https://api.instantwebtools.net/v1/passenger,1454,0,1172
1672248209306,1445,Requisição HTTP,200,OK,Grupo de Usuários 1-63,text,true,,687,253,90,90,https://api.instantwebtools.net/v1/passenger,1445,0,1198
1672248209299,1453,Requisição HTTP,200,OK,Grupo de Usuários 1-62,text,true,,691,257,89,89,https://api.instantwebtools.net/v1/passenger,1453,0,1184
1672248209321,1468,Requisição HTTP,200,OK,Grupo de Usuários 1-65,text,true,,669,256,88,88,https://api.instantwebtools.net/v1/passenger,1468,0,1234
1672248209327,1485,Requisição HTTP,200,OK,Grupo de Usuários 1-66,text,true,,703,256,87,87,https://api.instantwebtools.net/v1/passenger,1485,0,1252
1672248209341,1528,Requisição HTTP,200,OK,Grupo de Usuários 1-68,text,true,,660,258,86,86,https://api.instantwebtools.net/v1/passenger,1528,0,1296
1672248209348,1523,Requisição HTTP,200,OK,Grupo de Usuários 1-69,text,true,,649,256,85,85,https://api.instantwebtools.net/v1/passenger,1523,0,1313
1672248209334,1538,Requisição HTTP,200,OK,Grupo de Usuários 1-67,text,true,,671,256,84,84,https://api.instantwebtools.net/v1/passenger,1538,0,1279
1672248209313,1617,Requisição HTTP,200,OK,Grupo de Usuários 1-64,text,true,,657,255,83,83,https://api.instantwebtools.net/v1/passenger,1617,0,1367
1672248209362,1606,Requisição HTTP,200,OK,Grupo de Usuários 1-71,text,true,,691,257,82,82,https://api.instantwebtools.net/v1/passenger,1606,0,1348
1672248209369,1620,Requisição HTTP,200,OK,Grupo de Usuários 1-72,text,true,,660,258,81,81,https://api.instantwebtools.net/v1/passenger,1620,0,1360
1672248209376,1683,Requisição HTTP,200,OK,Grupo de Usuários 1-73,text,true,,696,261,80,80,https://api.instantwebtools.net/v1/passenger,1683,0,1371
1672248209384,1694,Requisição HTTP,200,OK,Grupo de Usuários 1-74,text,true,,661,259,79,79,https://api.instantwebtools.net/v1/passenger,1694,0,1388
1672248209397,1711,Requisição HTTP,200,OK,Grupo de Usuários 1-76,text,true,,691,256,78,78,https://api.instantwebtools.net/v1/passenger,1710,0,1412
1672248209390,1718,Requisição HTTP,200,OK,Grupo de Usuários 1-75,text,true,,690,256,78,78,https://api.instantwebtools.net/v1/passenger,1718,0,1401
1672248209411,1697,Requisição HTTP,200,OK,Grupo de Usuários 1-78,text,true,,657,255,76,76,https://api.instantwebtools.net/v1/passenger,1697,0,1442
1672248209356,1767,Requisição HTTP,200,OK,Grupo de Usuários 1-70,text,true,,659,257,75,75,https://api.instantwebtools.net/v1/passenger,1767,0,1453
1672248209425,1705,Requisição HTTP,200,OK,Grupo de Usuários 1-80,text,true,,657,255,74,74,https://api.instantwebtools.net/v1/passenger,1705,0,1462
1672248209432,1739,Requisição HTTP,200,OK,Grupo de Usuários 1-81,text,true,,691,257,73,73,https://api.instantwebtools.net/v1/passenger,1739,0,1480
1672248209439,1757,Requisição HTTP,200,OK,Grupo de Usuários 1-82,text,true,,687,253,72,72,https://api.instantwebtools.net/v1/passenger,1757,0,1492
1672248209446,1751,Requisição HTTP,200,OK,Grupo de Usuários 1-83,text,true,,657,255,71,71,https://api.instantwebtools.net/v1/passenger,1751,0,1523
1672248209453,1787,Requisição HTTP,200,OK,Grupo de Usuários 1-84,text,true,,669,256,70,70,https://api.instantwebtools.net/v1/passenger,1786,0,1537
1672248209406,1853,Requisição HTTP,200,OK,Grupo de Usuários 1-77,text,true,,688,254,69,69,https://api.instantwebtools.net/v1/passenger,1853,0,1583
1672248209461,1802,Requisição HTTP,200,OK,Grupo de Usuários 1-85,text,true,,703,256,68,68,https://api.instantwebtools.net/v1/passenger,1802,0,1551
1672248209468,1797,Requisição HTTP,200,OK,Grupo de Usuários 1-86,text,true,,671,256,67,67,https://api.instantwebtools.net/v1/passenger,1797,0,1567
1672248209418,1849,Requisição HTTP,200,OK,Grupo de Usuários 1-79,text,true,,659,257,66,66,https://api.instantwebtools.net/v1/passenger,1849,0,1606
1672248209481,1850,Requisição HTTP,200,OK,Grupo de Usuários 1-88,text,true,,649,256,65,65,https://api.instantwebtools.net/v1/passenger,1850,0,1599
1672248209495,1880,Requisição HTTP,200,OK,Grupo de Usuários 1-90,text,true,,691,257,64,64,https://api.instantwebtools.net/v1/passenger,1880,0,1630
1672248209503,1899,Requisição HTTP,200,OK,Grupo de Usuários 1-91,text,true,,660,258,63,63,https://api.instantwebtools.net/v1/passenger,1899,0,1648
1672248209509,1898,Requisição HTTP,200,OK,Grupo de Usuários 1-92,text,true,,696,261,62,62,https://api.instantwebtools.net/v1/passenger,1898,0,1662
1672248209516,1933,Requisição HTTP,200,OK,Grupo de Usuários 1-93,text,true,,661,259,61,61,https://api.instantwebtools.net/v1/passenger,1933,0,1681
1672248209524,1929,Requisição HTTP,200,OK,Grupo de Usuários 1-94,text,true,,690,256,60,60,https://api.instantwebtools.net/v1/passenger,1929,0,1694
1672248209475,1997,Requisição HTTP,200,OK,Grupo de Usuários 1-87,text,true,,660,258,59,59,https://api.instantwebtools.net/v1/passenger,1997,0,1729
1672248209538,1981,Requisição HTTP,200,OK,Grupo de Usuários 1-96,text,true,,688,254,58,58,https://api.instantwebtools.net/v1/passenger,1981,0,1720
1672248209544,1977,Requisição HTTP,200,OK,Grupo de Usuários 1-97,text,true,,657,255,57,57,https://api.instantwebtools.net/v1/passenger,1977,0,1742
1672248209551,1987,Requisição HTTP,200,OK,Grupo de Usuários 1-98,text,true,,659,257,56,56,https://api.instantwebtools.net/v1/passenger,1987,0,1758
1672248209531,2013,Requisição HTTP,200,OK,Grupo de Usuários 1-95,text,true,,691,256,55,55,https://api.instantwebtools.net/v1/passenger,2013,0,1709
1672248209566,2035,Requisição HTTP,200,OK,Grupo de Usuários 1-100,text,true,,691,257,54,54,https://api.instantwebtools.net/v1/passenger,2035,0,1786
1672248209572,2056,Requisição HTTP,200,OK,Grupo de Usuários 1-101,text,true,,687,253,53,53,https://api.instantwebtools.net/v1/passenger,2056,0,1803
1672248209586,2147,Requisição HTTP,200,OK,Grupo de Usuários 1-103,text,true,,669,256,52,52,https://api.instantwebtools.net/v1/passenger,2147,0,1845
1672248209594,2165,Requisição HTTP,200,OK,Grupo de Usuários 1-104,text,true,,703,256,51,51,https://api.instantwebtools.net/v1/passenger,2164,0,1855
1672248209488,2275,Requisição HTTP,200,OK,Grupo de Usuários 1-89,text,true,,659,257,50,50,https://api.instantwebtools.net/v1/passenger,2275,0,1611
1672248209602,2161,Requisição HTTP,200,OK,Grupo de Usuários 1-105,text,true,,671,256,50,50,https://api.instantwebtools.net/v1/passenger,2161,0,1866
1672248209558,2207,Requisição HTTP,200,OK,Grupo de Usuários 1-99,text,true,,657,255,48,48,https://api.instantwebtools.net/v1/passenger,2207,0,1923
1672248209615,2214,Requisição HTTP,200,OK,Grupo de Usuários 1-107,text,true,,649,256,47,47,https://api.instantwebtools.net/v1/passenger,2214,0,1903
1672248209621,2208,Requisição HTTP,200,OK,Grupo de Usuários 1-108,text,true,,659,257,47,47,https://api.instantwebtools.net/v1/passenger,2208,0,1916
1672248209635,2197,Requisição HTTP,200,OK,Grupo de Usuários 1-110,text,true,,660,258,47,47,https://api.instantwebtools.net/v1/passenger,2197,0,1950
1672248209628,2204,Requisição HTTP,200,OK,Grupo de Usuários 1-109,text,true,,691,257,47,47,https://api.instantwebtools.net/v1/passenger,2204,0,1930
1672248209642,2211,Requisição HTTP,200,OK,Grupo de Usuários 1-111,text,true,,696,261,43,43,https://api.instantwebtools.net/v1/passenger,2211,0,1955
1672248209649,2229,Requisição HTTP,200,OK,Grupo de Usuários 1-112,text,true,,661,259,42,42,https://api.instantwebtools.net/v1/passenger,2229,0,1978
1672248209656,2251,Requisição HTTP,200,OK,Grupo de Usuários 1-113,text,true,,690,256,41,41,https://api.instantwebtools.net/v1/passenger,2251,0,1996
1672248209608,2350,Requisição HTTP,200,OK,Grupo de Usuários 1-106,text,true,,660,258,40,40,https://api.instantwebtools.net/v1/passenger,2350,0,2035
1672248209663,2323,Requisição HTTP,200,OK,Grupo de Usuários 1-114,text,true,,691,256,39,39,https://api.instantwebtools.net/v1/passenger,2323,0,2027
1672248209672,2337,Requisição HTTP,200,OK,Grupo de Usuários 1-115,text,true,,688,254,38,38,https://api.instantwebtools.net/v1/passenger,2337,0,2041
1672248209678,2357,Requisição HTTP,200,OK,Grupo de Usuários 1-116,text,true,,657,255,37,37,https://api.instantwebtools.net/v1/passenger,2357,0,2053
1672248209691,2365,Requisição HTTP,200,OK,Grupo de Usuários 1-118,text,true,,657,255,36,36,https://api.instantwebtools.net/v1/passenger,2365,0,2103
1672248209684,2373,Requisição HTTP,200,OK,Grupo de Usuários 1-117,text,true,,659,257,35,35,https://api.instantwebtools.net/v1/passenger,2373,0,2075
1672248209698,2378,Requisição HTTP,200,OK,Grupo de Usuários 1-119,text,true,,691,257,34,34,https://api.instantwebtools.net/v1/passenger,2378,0,2131
1672248209704,2375,Requisição HTTP,200,OK,Grupo de Usuários 1-120,text,true,,687,253,33,33,https://api.instantwebtools.net/v1/passenger,2375,0,2148
1672248209719,2446,Requisição HTTP,200,OK,Grupo de Usuários 1-122,text,true,,669,256,32,32,https://api.instantwebtools.net/v1/passenger,2446,0,2186
1672248209579,2589,Requisição HTTP,200,OK,Grupo de Usuários 1-102,text,true,,657,255,31,31,https://api.instantwebtools.net/v1/passenger,2589,0,2312
1672248209726,2443,Requisição HTTP,200,OK,Grupo de Usuários 1-123,text,true,,703,256,30,30,https://api.instantwebtools.net/v1/passenger,2443,0,2209
1672248209733,2476,Requisição HTTP,200,OK,Grupo de Usuários 1-124,text,true,,671,256,29,29,https://api.instantwebtools.net/v1/passenger,2476,0,2225
1672248209741,2474,Requisição HTTP,200,OK,Grupo de Usuários 1-125,text,true,,660,258,28,28,https://api.instantwebtools.net/v1/passenger,2474,0,2246
1672248209749,2486,Requisição HTTP,200,OK,Grupo de Usuários 1-126,text,true,,649,256,27,27,https://api.instantwebtools.net/v1/passenger,2486,0,2261
1672248209756,2508,Requisição HTTP,200,OK,Grupo de Usuários 1-127,text,true,,659,257,26,26,https://api.instantwebtools.net/v1/passenger,2508,0,2282
1672248209763,2545,Requisição HTTP,200,OK,Grupo de Usuários 1-128,text,true,,691,257,25,25,https://api.instantwebtools.net/v1/passenger,2545,0,2290
1672248209775,2554,Requisição HTTP,200,OK,Grupo de Usuários 1-130,text,true,,696,261,24,24,https://api.instantwebtools.net/v1/passenger,2553,0,2325
1672248209782,2589,Requisição HTTP,200,OK,Grupo de Usuários 1-131,text,true,,661,259,23,23,https://api.instantwebtools.net/v1/passenger,2589,0,2338
1672248209789,2607,Requisição HTTP,200,OK,Grupo de Usuários 1-132,text,true,,690,256,22,22,https://api.instantwebtools.net/v1/passenger,2607,0,2355
1672248209797,2617,Requisição HTTP,200,OK,Grupo de Usuários 1-133,text,true,,691,256,21,21,https://api.instantwebtools.net/v1/passenger,2617,0,2369
1672248209805,2617,Requisição HTTP,200,OK,Grupo de Usuários 1-134,text,true,,688,254,20,20,https://api.instantwebtools.net/v1/passenger,2617,0,2383
1672248209817,2643,Requisição HTTP,200,OK,Grupo de Usuários 1-136,text,true,,659,257,19,19,https://api.instantwebtools.net/v1/passenger,2643,0,2393
1672248209810,2673,Requisição HTTP,200,OK,Grupo de Usuários 1-135,text,true,,657,255,18,18,https://api.instantwebtools.net/v1/passenger,2673,0,2423
1672248209824,2680,Requisição HTTP,200,OK,Grupo de Usuários 1-137,text,true,,657,255,17,17,https://api.instantwebtools.net/v1/passenger,2680,0,2430
1672248209768,2737,Requisição HTTP,200,OK,Grupo de Usuários 1-129,text,true,,660,258,16,16,https://api.instantwebtools.net/v1/passenger,2737,0,2461
1672248209831,2694,Requisição HTTP,200,OK,Grupo de Usuários 1-138,text,true,,691,257,15,15,https://api.instantwebtools.net/v1/passenger,2694,0,2452
1672248209838,2711,Requisição HTTP,200,OK,Grupo de Usuários 1-139,text,true,,687,253,14,14,https://api.instantwebtools.net/v1/passenger,2711,0,2472
1672248209844,2726,Requisição HTTP,200,OK,Grupo de Usuários 1-140,text,true,,657,255,13,13,https://api.instantwebtools.net/v1/passenger,2726,0,2486
1672248209851,2722,Requisição HTTP,200,OK,Grupo de Usuários 1-141,text,true,,669,256,12,12,https://api.instantwebtools.net/v1/passenger,2722,0,2495
1672248209858,2719,Requisição HTTP,200,OK,Grupo de Usuários 1-142,text,true,,703,256,11,11,https://api.instantwebtools.net/v1/passenger,2719,0,2514
1672248209865,2734,Requisição HTTP,200,OK,Grupo de Usuários 1-143,text,true,,671,256,10,10,https://api.instantwebtools.net/v1/passenger,2734,0,2529
1672248209873,2743,Requisição HTTP,200,OK,Grupo de Usuários 1-144,text,true,,660,258,9,9,https://api.instantwebtools.net/v1/passenger,2743,0,2542
1672248209880,2739,Requisição HTTP,200,OK,Grupo de Usuários 1-145,text,true,,649,256,8,8,https://api.instantwebtools.net/v1/passenger,2739,0,2561
1672248209888,2749,Requisição HTTP,200,OK,Grupo de Usuários 1-146,text,true,,659,257,7,7,https://api.instantwebtools.net/v1/passenger,2749,0,2574
1672248209895,2763,Requisição HTTP,200,OK,Grupo de Usuários 1-147,text,true,,691,257,6,6,https://api.instantwebtools.net/v1/passenger,2763,0,2587
1672248209903,2780,Requisição HTTP,200,OK,Grupo de Usuários 1-148,text,true,,660,258,5,5,https://api.instantwebtools.net/v1/passenger,2780,0,2602
1672248209910,2793,Requisição HTTP,200,OK,Grupo de Usuários 1-149,text,true,,696,261,4,4,https://api.instantwebtools.net/v1/passenger,2793,0,2616
1672248209916,2825,Requisição HTTP,200,OK,Grupo de Usuários 1-150,text,true,,661,259,3,3,https://api.instantwebtools.net/v1/passenger,2825,0,2633
1672248209272,3492,Requisição HTTP,200,OK,Grupo de Usuários 1-58,text,true,,688,254,2,2,https://api.instantwebtools.net/v1/passenger,3492,0,3298
1672248209711,3364,Requisição HTTP,200,OK,Grupo de Usuários 1-121,text,true,,657,255,1,1,https://api.instantwebtools.net/v1/passenger,3364,0,2724
